Target Audience,Mode,Location,TOPIC,Trainer,month list ,Invited,Attended
S2 S3 S4 Consultants,VC,Zoom,Empower your voice: Assertive communication essentials​,Vishakha Makhija,May,1323,140
Sr exec and below,VC,Zoom,Empower your voice: Assertive communication essentials​,Vishakha Makhija,May,2203,198
Ams &  S1 Consultants,VC,Zoom,Empower your voice: Assertive communication essentials​,Vishakha Makhija,June,3245,234
AMs and Below,VC,Zoom,Empower your voice: Assertive communication essentials​,Vishakha Makhija,Sept,6047,335
AMs and Below,VC,Zoom,Empower your voice: Assertive communication essentials​,Gurleen Baruah,Dec,5887,127
AMs and Below,VC,Zoom,Empower your voice: Assertive communication essentials​,Noopur Singh,Jan,6115,128
AMs and Below,VC,Zoom,Empower your voice: Assertive communication essentials​,Gurleen Baruah,Feb,5459,943
AMs and Below,VC,Zoom,Empower your voice: Assertive communication essentials​,Gurleen Baruah,Mar,5120,195
AMs and Below,VC,Zoom,Empower your voice: Assertive communication essentials​,Vishakha Makhija,May,5585,849
AMs and Below,VC,Zoom,Empower your voice: Assertive communication essentials​,Vishakha Makhija,Jun,4780,748
AMs,VC,Zoom,From stress to smiles: Nurturing happy hormones,Gurleen Baruah,May,1194,103
S1 Consultants ,VC,Zoom,From stress to smiles: Nurturing happy hormones,Gurleen Baruah,May,2052,114
Sr exec and below,VC,Zoom,From stress to smiles: Nurturing happy hormones,Shraiya Jain,June,3522,188
S2 S3 S4 Consultants,,,0,,Sept,,
AMs and Below,VC,Zoom,From stress to smiles: Nurturing happy hormones,Shraiya Jain,Dec,6045,135
AMs and Below,VC,Zoom,From stress to smiles: Nurturing happy hormones,Noopur Singh,Feb,6325,234
AMs and Below,VC,Zoom,From stress to smiles: Nurturing happy hormones,Gurleen Baruah,Mar,6439,134
AMs and Below,VC,Zoom,From stress to smiles: Nurturing happy hormones,Deepti Seth,Apr,6510,785
AMs and Below,VC,Zoom,From stress to smiles: Nurturing happy hormones,Deepti Seth,May,5659,819
AMs and Below,VC,Zoom,From stress to smiles: Nurturing happy hormones,Deepti Seth,Jun,5215,932
AMs and Below,VC,Zoom,From stress to smiles: Nurturing happy hormones,Gurleen Baruah,July,4245,709
"AMs,  S1 Consultants ",VC,Zoom,FeelCraft: Emotional mastery,Shraiya Jain,Aug,3153,194
AMs and Below,VC,Zoom,FeelCraft: Emotional mastery,Shraiya Jain,Sept,6338,363
AMs and Below,VC,Zoom,FeelCraft: Emotional mastery,Shraiya Jain,Nov,6034,195
AMs and Below,VC,Zoom,FeelCraft: Emotional mastery,Shraiya Jain,Dec,6025,139
AMs and Below,VC,Zoom,FeelCraft: Emotional mastery,Shraiya Jain,Jan,6175,100
AMs and Below,VC,Zoom,FeelCraft: Emotional mastery,Shraiya Jain,Mar,5847,57
AMs and Below,VC,Zoom,FeelCraft: Emotional mastery,Shraiya Jain,Apr,5826,918
AMs and Below,VC,Zoom,FeelCraft: Emotional mastery,Shraiya Jain,May,4921,993
AMs and Below,VC,Zoom,FeelCraft: Emotional mastery,Shraiya Jain,Jun,4826,722
AMs and Below,VC,Zoom,FeelCraft: Emotional mastery,Shraiya Jain,July,3885,766
"S2 S3 S4 Consultants, Sr exec and below",VC,Zoom,Navigating differences: Strategies for effective conflict resolution,Vishakha Makhija,Aug,3453,290
AMs and Below,VC,Zoom,Navigating differences: Strategies for effective conflict resolution,Noopur Singh,Oct,6125,446
AMs and Below,VC,Zoom,Navigating differences: Strategies for effective conflict resolution,Noopur Singh,Nov,6390,109
AMs and Below,VC,Zoom,Navigating differences: Strategies for effective conflict resolution,Noopur Singh,Dec,6236,129
AMs and Below,VC,Zoom,Navigating differences: Strategies for effective conflict resolution,Noopur Singh,Feb,5771,68
AMs and Below,VC,Zoom,Navigating differences: Strategies for effective conflict resolution,Vishakha Makhija,Mar,5545,779
AMs and Below,VC,Zoom,Navigating differences: Strategies for effective conflict resolution,Gurleen Baruah,Apr,5470,575
AMs and Below,VC,Zoom,Navigating differences: Strategies for effective conflict resolution,Deepti Seth,May,4960,1036
AMs and Below,VC,Zoom,Navigating differences: Strategies for effective conflict resolution,Vishakha Makhija,Jun,4433,590
AMs and Below,VC,Zoom,Navigating differences: Strategies for effective conflict resolution,Vishakha Makhija,May,3749,568
Ams &  S1 Consultants,VC,Zoom,Elevate your email game: Harnessing MS Outlook​,Noopur Singh,May,3244,227
S2 S3 S4 Consultants & Sr exec and below,VC,Zoom,Elevate your email game: Harnessing MS Outlook​,Noopur Singh,June,3524,340
Ams &  S1 Consultants,VC,Zoom,Elevate your email game: Harnessing MS Outlook​,Noopur Singh,July,6209,200
AMs and Below,VC,Zoom,Elevate your email game: Harnessing MS Outlook​,Noopur Singh,Aug,5975,329
AMs and Below,VC,Zoom,Elevate your email game: Harnessing MS Outlook​,Noopur Singh,Nov,8565,163
AMs and Below,VC,Zoom,Elevate your email game: Harnessing MS Outlook​,Noopur Singh,May,5927,167
AMs and Below,VC,Zoom,Elevate your email game: Harnessing MS Outlook​,Vijaybhan,May,6210,300
Tier 3(Self Nomination based),VC,Zoom,MS Power Point,Noopur Singh,July,451,115
Tier 3(Self Nomination based),VC,Zoom,MS Power Point,Noopur Singh,Oct,1189,112
Tier 3(Self Nomination based),VC,Zoom,MS Power Point,Noopur Singh,Jan,887,57
Tier 3(Self Nomination based),VC,Zoom,MS Power Point,Noopur Singh,Apr,1166,102
Tier 3(Self Nomination based),VC,Zoom,MS Power Point,Vijaybhan,May,1151,130
Tier 3(Self Nomination based),VC,Zoom,MS Power Point,Vijaybhan,Jun,1099,147
Tier 3(Self Nomination based),VC,Zoom,MS Power Point,Vijaybhan,April,1046,108
Tier 3(Self Nomination based),VC,Zoom,MS Excel (Basic – Intermediate),Nitin Giri,June,204,115
Tier 3(Self Nomination based),VC,Zoom,MS Excel (Basic – Intermediate),Vipul Rafukiya,Aug,621,115
Tier 3(Self Nomination based),VC,Zoom,MS Excel (Basic – Intermediate),Vipul Rafukiya,Jan,1169,98
Tier 3(Self Nomination based),VC,Zoom,MS Excel (Basic – Intermediate),Vijaybhan,Feb,889,97
Tier 3(Self Nomination based),VC,Zoom,MS Excel (Basic – Intermediate),Vijaybhan,Mar,818,55
Tier 3(Self Nomination based),VC,Zoom,MS Excel (Basic – Intermediate),Vijaybhan,May,813,70
Tier 3(Self Nomination based),VC,Zoom,MS Excel (Basic – Intermediate),Vijaybhan,Jun,753,35
Tier 3(Self Nomination based),VC,Zoom,MS Excel (Basic – Intermediate),Vijaybhan,May ,1272,170
Tier 3(Self Nomination based),VC,Zoom,MS Excel (Advance),Nitin Giri,July,287,78
Tier 3(Self Nomination based),VC,Zoom,MS Excel (Advance),Vipul Rafukiya,Jan,1268,151
Tier 3(Self Nomination based),VC,Zoom,Ms Excel (Advance) with AI,Vijaybhan,Feb,1093,134
Tier 3(Self Nomination based),VC,Zoom,Ms Excel (Advance) with AI,Vijaybhan,Apr,992,82
Tier 3(Self Nomination based),VC,Zoom,Ms Excel (Advance) with AI,Vijaybhan,May,1150,155
AMs and Below,VC,Zoom,Know Your Firm,Nida Zaidi,July,1015,74
AMs and Below,VC,Zoom,Know Your Firm,Nida Zaidi,Sept,6646,355
AMs and Below,VC,Zoom,Know Your Firm,Nida Zaidi,Nov,6549,412
AMs and Below,VC,Zoom,Know Your Firm,Nida Zaidi,Jan,6068,126
AMs and Below,VC,Zoom,Know Your Firm,Nida Zaidi,Mar,6010,210
AMs and Below,VC,Zoom,Know Your Firm,Nida Zaidi,May,6060,340
AMs and Below,VC,Zoom,Know Your Firm,Nida Zaidi,Jun,6153,1021
AMs and Below,VC,Zoom,Know Your Firm,Nida Zaidi,June,5105,936
AMs and Below,VC,Zoom,Fireside Chat,"Shraiya Jain ,Pranav Kacholia",Oct,6993,328
AMs and Below,VC,Zoom,Fireside Chat,"Vishakha Makhija, Dhaval Seth",Apr,7120,195
AMs and Below,VC,Zoom,Fireside Chat,"Vishakha Makhija, Raja Lahiri",July,7604,594
AMs and Below,VC,Zoom,Fireside Chat,"Shraiya Jain, Vig Kanan",Dec,6530,377
AMs and Below,VC,Zoom,Fireside Chat,"Nikita Gulati, Vishakha Makhija",Sept,6669,242
AMs and Below,VC,Zoom,Fireside Chat,"Shaiya Jain, Jaspreet Singh",Jan,7154,351
AMs and Below,VC,Zoom,Fireside Chat,"Shraiya Jain, Akshay Garkel",Feb,6115,228
AMs and Below,VC,Zoom,Fireside Chat,"Vishakha Makhija, Vivek Iyer",May,7352,231
AMs and Below,VC,Zoom,Fireside Chat,"Ramendra Verma, Shraiya Jain",April,7637,424
AMs and Below,In person,Ahmedabad,Practise Lab,Vishakha Makhija,April,84,20
AMs and Below,In person,Ahmedabad,Practise Lab,Vishakha Makhija,June,84,19
AMs and Below,In person,Ahmedabad,Practise Lab,Vishakha Makhija,June,63,36
AMs and Below,In person,Ahmedabad,Practise Lab,Vishakha Makhija,June,64,35
AMs and Below,In person,Bangalore,Practise Lab,Vishakha Makhija,June,99,17
AMs and Below,In person,Bangalore,Practise Lab,Vishakha Makhija,July,100,12
AMs and Below,In person,Bangalore,Practise Lab,Shraiya Jain,July,81,6
AMs and Below,In person,Bangalore,Practise Lab,Shraiya Jain,Dec,87,6
AMs and Below,In person,Bangalore,Practise Lab,Vishakha Makhija,Dec,50,19
AMs and Below,In person,Bangalore,Practise Lab,Vishakha Makhija,Dec,50,17
AMs and Below,In person,Bangalore,Practise Lab,Vishakha Makhija,Dec,51,14
AMs and Below,In person,Bangalore,Practise Lab,Vishakha Makhija,Feb,51,16
AMs and Below,In person,Bangalore,Practise Lab,Deepti Seth,Feb,50,9
AMs and Below,In person,Bangalore,Practise Lab,Deepti Seth,Jun,50,12
AMs and Below,In person,Bangalore,Practise Lab,Vishakha Makhija,Jun,82,28
AMs and Below,In person,Bangalore,Practise Lab,Vishakha Makhija,Jun,84,21
AMs and Below,In person,Bangalore,Practise Lab,Vishakha Makhija,Jun,80,24
AMs and Below,In person,Bangalore,Practise Lab,Vishakha Makhija,June,82,23
AMs and Below,In person,Chandigarh,Practise Lab,Shraiya Jain,June,42,12
AMs and Below,In person,Chandigarh,Practise Lab,Shraiya Jain,June,43,15
AMs and Below,In person,Chandigarh,Practise Lab,Shraiya Jain,Jun,38,5
AMs and Below,In person,Chandigarh,Practise Lab,Vishakha Makhija,Jun,50,22
AMs and Below,In person,Chandigarh,Practise Lab,Vishakha Makhija,Jun,43,4
AMs and Below,In person,Chandigarh,Practise Lab,Vishakha Makhija,Jun,68,14
AMs and Below,In person,Chandigarh,Practise Lab,Vishakha Makhija,April,67,14
AMs and Below,In person,Chennai,Practise Lab,Sumanth Ammapalli,April,30,13
AMs and Below,In person,Chennai,Practise Lab,Sumanth Ammapalli,April,26,6
AMs and Below,In person,Chennai,Practise Lab,Sumanth Ammapalli,April,31,9
AMs and Below,In person,Chennai,Practise Lab,Sumanth Ammapalli,Sept,31,12
AMs and Below,In person,Chennai,Practise Lab,Vishakha Makhija,Sept,123,26
AMs and Below,In person,Chennai,Practise Lab,Vishakha Makhija,Jan,133,25
AMs and Below,In person,Chennai,Practise Lab,Shraiya Jain,Jan,45,16
AMs and Below,In person,Chennai,Practise Lab,Shraiya Jain,April,46,21
AMs and Below,In person,Dehradun,Practise Lab,Noopur Singh,April,35,29
AMs and Below,In person,Dehradun,Practise Lab,Noopur Singh,April,33,19
AMs and Below,In person,Dehradun,Practise Lab,Noopur Singh,April,31,18
AMs and Below,In person,Dehradun,Practise Lab,Noopur Singh,May,34,18
AMs and Below,In person,Dehradun,Practise Lab,Shraiya Jain,June,25,22
AMs and Below,In person,Dehradun,Practise Lab,Vishakha Makhija,June,25,15
AMs and Below,In person,Dehradun,Practise Lab,Vishakha Makhija,June,28,18
AMs and Below,In person,Dehradun,Practise Lab,Vishakha Makhija,June,24,12
AMs and Below,In person,Dehradun,Practise Lab,Vishakha Makhija,Aug,27,19
AMs and Below,In person,Dehradun,Practise Lab,Shraiya Jain,Aug,50,31
AMs and Below,In person,Dehradun,Practise Lab,Shraiya Jain,Aug,50,32
AMs and Below,In person,Dehradun,Practise Lab,Shraiya Jain,Aug,40,19
AMs and Below,In person,Dehradun,Practise Lab,Shraiya Jain,Nov,40,21
AMs and Below,In person,Dehradun,Practise Lab,Noopur Singh,Nov,57,27
AMs and Below,In person,Dehradun,Practise Lab,Noopur Singh,Jan,44,38
AMs and Below,In person,Dehradun,Practise Lab,Vishakha Makhija,Jan,63,29
AMs and Below,In person,Dehradun,Practise Lab,Vishakha Makhija,Jan,32,9
AMs and Below,In person,Dehradun,Practise Lab,Vishakha Makhija,Jan,57,23
AMs and Below,In person,Dehradun,Practise Lab,Vishakha Makhija,May,35,15
AMs and Below,In person,GT One,Practise Lab,Shraiya Jain,May,103,13
AMs and Below,In person,GT One,Practise Lab,Shraiya Jain,June,96,10
AMs and Below,In person,GT One,Practise Lab,Shraiya Jain,June,103,22
AMs and Below,In person,GT One,Practise Lab,Shraiya Jain,Aug,101,10
AMs and Below,In person,GT One,Practise Lab,Shraiya Jain,Aug,104,24
AMs and Below,In person,GT One,Practise Lab,Shraiya Jain,Aug,108,22
AMs and Below,In person,GT One,Practise Lab,Noopur Singh,Aug,100,26
AMs and Below,In person,GT One,Practise Lab,Noopur Singh,Aug,102,30
AMs and Below,In person,GT One,Practise Lab,Shraiya Jain,Aug,91,29
AMs and Below,In person,GT One,Practise Lab,Shraiya Jain,Aug,90,32
AMs and Below,In person,GT One,Practise Lab,Noopur Singh,Aug,50,20
AMs and Below,In person,GT One,Practise Lab,Noopur Singh,Sept,50,21
AMs and Below,In person,GT One,Practise Lab,Shraiya Jain,Sept,47,20
AMs and Below,In person,GT One,Practise Lab,Shraiya Jain,Nov,44,17
AMs and Below,In person,GT One,Practise Lab,Shraiya Jain,Nov,72,27
AMs and Below,In person,GT One,Practise Lab,Shraiya Jain,May,71,16
AMs and Below,In person,Gurgaon,Practise Lab,Shraiya Jain,June,100,7
AMs and Below,In person,Gurgaon,Practise Lab,Shraiya Jain,June,100,9
AMs and Below,In person,Gurgaon,Practise Lab,Shraiya Jain,June,94,4
AMs and Below,In person,Gurgaon,Practise Lab,Noopur Singh,July,99,4
AMs and Below,In person,Gurgaon,Practise Lab,Shraiya Jain,July,91,15
AMs and Below,In person,Gurgaon,Practise Lab,Shraiya Jain,July,86,7
AMs and Below,In person,Gurgaon,Practise Lab,Shraiya Jain,July,85,11
AMs and Below,In person,Gurgaon,Practise Lab,Noopur Singh,July,102,22
AMs and Below,In person,Gurgaon,Practise Lab,Noopur Singh,July,89,18
AMs and Below,In person,Gurgaon,Practise Lab,Noopur Singh,July,101,16
AMs and Below,In person,Gurgaon,Practise Lab,Noopur Singh,Aug,102,14
AMs and Below,In person,Gurgaon,Practise Lab,Noopur Singh,Aug,100,32
AMs and Below,In person,Gurgaon,Practise Lab,Noopur Singh,Aug,100,27
AMs and Below,In person,Gurgaon,Practise Lab,Noopur Singh,Aug,50,14
AMs and Below,In person,Gurgaon,Practise Lab,Noopur Singh,Sept,50,11
AMs and Below,In person,Gurgaon,Practise Lab,Shraiya Jain,Sept,52,17
AMs and Below,In person,Gurgaon,Practise Lab,Shraiya Jain,Sept,53,17
AMs and Below,In person,Gurgaon,Practise Lab,Shraiya Jain,Sept,66,17
AMs and Below,In person,Gurgaon,Practise Lab,Shraiya Jain,Sept,72,24
AMs and Below,In person,Gurgaon,Practise Lab,Shraiya Jain,Oct,50,15
AMs and Below,In person,Gurgaon,Practise Lab,Noopur Singh,Oct,42,18
AMs and Below,In person,Gurgaon,Practise Lab,Noopur Singh,Oct,44,16
AMs and Below,In person,Gurgaon,Practise Lab,Noopur Singh,Oct,40,15
AMs and Below,In person,Gurgaon,Practise Lab,Noopur Singh,Oct,45,17
AMs and Below,In person,Gurgaon,Practise Lab,Noopur Singh,Oct,52,17
AMs and Below,In person,Gurgaon,Practise Lab,Noopur Singh,Oct,53,17
AMs and Below,In person,Gurgaon,Practise Lab,Noopur Singh,Oct,51,16
AMs and Below,In person,Gurgaon,Practise Lab,Noopur Singh,Nov,50,12
AMs and Below,In person,Gurgaon,Practise Lab,Shraiya Jain,Nov,50,8
AMs and Below,In person,Gurgaon,Practise Lab,Shraiya Jain,Nov,51,26
AMs and Below,In person,Gurgaon,Practise Lab,Noopur Singh,Nov,52,20
AMs and Below,In person,Gurgaon,Practise Lab,Noopur Singh,Dec,50,11
AMs and Below,In person,Gurgaon,Practise Lab,Noopur Singh,Dec,50,14
AMs and Below,In person,Gurgaon,Practise Lab,Noopur Singh,Dec,50,10
AMs and Below,In person,Gurgaon,Practise Lab,Shraiya Jain,Dec,56,10
AMs and Below,In person,Gurgaon,Practise Lab,Shraiya Jain,Dec,56,12
AMs and Below,In person,Gurgaon,Practise Lab,Noopur Singh,Dec,51,12
AMs and Below,In person,Gurgaon,Practise Lab,Noopur Singh,Dec,50,12
AMs and Below,In person,Gurgaon,Practise Lab,Shraiya Jain,Dec,69,14
AMs and Below,In person,Gurgaon,Practise Lab,Shraiya Jain,Jan,51,13
AMs and Below,In person,Gurgaon,Practise Lab,Noopur Singh,Jan,101,13
AMs and Below,In person,Gurgaon,Practise Lab,Shraiya Jain,Jan,68,14
AMs and Below,In person,Gurgaon,Practise Lab,Shraiya Jain,Jan,71,17
AMs and Below,In person,Gurgaon,Practise Lab,Noopur Singh,Jan,51,14
AMs and Below,In person,Gurgaon,Practise Lab,Noopur Singh,Jan,50,16
AMs and Below,In person,Gurgaon,Practise Lab,Shraiya Jain,Jan,61,13
AMs and Below,In person,Gurgaon,Practise Lab,Shraiya Jain,Feb,61,16
AMs and Below,In person,Gurgaon,Practise Lab,Noopur Singh,Feb,75,11
AMs and Below,In person,Gurgaon,Practise Lab,Noopur Singh,Feb,79,12
AMs and Below,In person,Gurgaon,Practise Lab,Deepti Seth,Feb,76,17
AMs and Below,In person,Gurgaon,Practise Lab,Deepti Seth,Feb,75,21
AMs and Below,In person,Gurgaon,Practise Lab,Deepti Seth,Feb,75,21
AMs and Below,In person,Gurgaon,Practise Lab,Deepti Seth,Mar,72,20
AMs and Below,In person,Gurgaon,Practise Lab,Shraiya Jain,Mar,77,14
AMs and Below,In person,Gurgaon,Practise Lab,Shraiya Jain,Mar,79,12
AMs and Below,In person,Gurgaon,Practise Lab,Deepti Seth,Apr,67,12
AMs and Below,In person,Gurgaon,Practise Lab,Shraiya Jain,Apr,87,17
AMs and Below,In person,Gurgaon,Practise Lab,Shraiya Jain,May,86,12
AMs and Below,In person,Gurgaon,Practise Lab,Shraiya Jain,May,67,14
AMs and Below,In person,Gurgaon,Practise Lab,Shraiya Jain,May,62,10
AMs and Below,In person,Gurgaon,Practise Lab,Deepti Seth,May,71,16
AMs and Below,In person,Gurgaon,Practise Lab,Deepti Seth,May,70,10
AMs and Below,In person,Gurgaon,Practise Lab,Deepti Seth,May,48,9
AMs and Below,In person,Gurgaon,Practise Lab,Deepti Seth,May,45,6
AMs and Below,In person,Gurgaon,Practise Lab,Deepti Seth,May,62,16
AMs and Below,In person,Gurgaon,Practise Lab,Deepti Seth,Jun,63,16
AMs and Below,In person,Gurgaon,Practise Lab,Deepti Seth,Jun,121,15
AMs and Below,In person,Gurgaon,Practise Lab,Shraiya Jain,Jun,120,22
AMs and Below,In person,Gurgaon,Practise Lab,Shraiya Jain,Oct,122,19
AMs and Below,In person,Hyderabad,Practise Lab,Vishakha Makhija,Oct,51,22
AMs and Below,In person,Hyderabad,Practise Lab,Vishakha Makhija,Oct,51,23
AMs and Below,In person,Hyderabad,Practise Lab,Vishakha Makhija,Oct,50,16
AMs and Below,In person,Hyderabad,Practise Lab,Vishakha Makhija,Nov,51,22
AMs and Below,In person,Hyderabad,Practise Lab,Vishakha Makhija,Nov,42,15
AMs and Below,In person,Hyderabad,Practise Lab,Vishakha Makhija,Feb,51,21
AMs and Below,In person,Hyderabad,Practise Lab,Vishakha Makhija,Feb,30,17
AMs and Below,In person,Hyderabad,Practise Lab,Vishakha Makhija,Oct,32,20
AMs and Below,In person,Indore,Practise Lab,Shraiya Jain,Oct,21,19
AMs and Below,In person,Indore,Practise Lab,Shraiya Jain,Oct,22,15
AMs and Below,In person,Indore,Practise Lab,Shraiya Jain,Oct,21,12
AMs and Below,In person,Indore,Practise Lab,Shraiya Jain,Feb,26,18
AMs and Below,In person,Indore,Practise Lab,Noopur Singh,Feb,46,31
AMs and Below,In person,Indore,Practise Lab,Noopur Singh,Feb,31,23
AMs and Below,In person,Indore,Practise Lab,Noopur Singh,Feb,35,18
AMs and Below,In person,Indore,Practise Lab,Noopur Singh,Apr,54,37
AMs and Below,In person,Indore,Practise Lab,Deepti Seth,Apr,60,18
AMs and Below,In person,Indore,Practise Lab,Deepti Seth,June,44,13
AMs and Below,In person,Kolkata,Practise Lab,Noopur Singh,June,115,19
AMs and Below,In person,Kolkata,Practise Lab,Noopur Singh,June,107,17
AMs and Below,In person,Kolkata,Practise Lab,Noopur Singh,June,114,15
AMs and Below,In person,Kolkata,Practise Lab,Noopur Singh,Apr,114,19
AMs and Below,In person,Kolkata,Practise Lab,Vishakha Makhija,Apr,50,7
AMs and Below,In person,Kolkata,Practise Lab,Vishakha Makhija,Apr,51,18
AMs and Below,In person,Kolkata,Practise Lab,Vishakha Makhija,May,50,15
AMs and Below,In person,Mumbai,Practise Lab,Vishakha Makhija,May,70,12
AMs and Below,In person,Mumbai,Practise Lab,Vishakha Makhija,May,71,17
AMs and Below,In person,Mumbai,Practise Lab,Vishakha Makhija,May,71,14
AMs and Below,In person,Mumbai,Practise Lab,Vishakha Makhija,July,72,18
AMs and Below,In person,Mumbai,Practise Lab,Vishakha Makhija,July,100,23
AMs and Below,In person,Mumbai,Practise Lab,Vishakha Makhija,July,100,27
AMs and Below,In person,Mumbai,Practise Lab,Vishakha Makhija,Aug,100,21
AMs and Below,In person,Mumbai,Practise Lab,Vishakha Makhija,Aug,75,26
AMs and Below,In person,Mumbai,Practise Lab,Vishakha Makhija,Aug,75,25
AMs and Below,In person,Mumbai,Practise Lab,Vishakha Makhija,Aug,75,16
AMs and Below,In person,Mumbai,Practise Lab,Vishakha Makhija,Aug,75,19
AMs and Below,In person,Mumbai,Practise Lab,Vishakha Makhija,Aug,75,22
AMs and Below,In person,Mumbai,Practise Lab,Vishakha Makhija,Sept,75,17
AMs and Below,In person,Mumbai,Practise Lab,Vishakha Makhija,Sept,75,21
AMs and Below,In person,Mumbai,Practise Lab,Vishakha Makhija,Oct,75,18
AMs and Below,In person,Mumbai,Practise Lab,Vishakha Makhija,Oct,50,6
AMs and Below,In person,Mumbai,Practise Lab,Vishakha Makhija,Dec,50,15
AMs and Below,In person,Mumbai,Practise Lab,Vishakha Makhija,Dec,53,14
AMs and Below,In person,Mumbai,Practise Lab,Vishakha Makhija,Feb,50,19
AMs and Below,In person,Mumbai,Practise Lab,Vishakha Makhija,Feb,64,22
AMs and Below,In person,Mumbai,Practise Lab,Vishakha Makhija,Apr,54,15
AMs and Below,In person,Mumbai,Practise Lab,Vishakha Makhija,Jun,79,17
AMs and Below,In person,Mumbai,Practise Lab,Vishakha Makhija,Jun,52,20
AMs and Below,In person,Mumbai,Practise Lab,Vishakha Makhija,Jun,49,16
AMs and Below,In person,Mumbai,Practise Lab,Vishakha Makhija,Jun,63,25
AMs and Below,In person,Mumbai,Practise Lab,Vishakha Makhija,Aug,53,10
AMs and Below,In person,Pune,Practise Lab,Vishakha Makhija,Aug,64,26
AMs and Below,In person,Pune,Practise Lab,Vishakha Makhija,Dec,62,33
AMs and Below,In person,Pune,Practise Lab,Vishakha Makhija,Dec,40,15
AMs and Below,In person,Pune,Practise Lab,Vishakha Makhija,Dec,40,22
AMs and Below,In person,Pune,Practise Lab,Vishakha Makhija,Dec,50,21
AMs and Below,In person,Pune,Practise Lab,Vishakha Makhija,Feb,41,18
AMs and Below,In person,Pune,Practise Lab,Shraiya Jain,Feb,30,14
AMs and Below,In person,Pune,Practise Lab,Shraiya Jain,May,30,15
ADs and Managers,VC,Zoom,Bounce back stronger:​ The resilience workshop,Gurleen Baruah,Sept,1018,140
ADs and Managers,VC,Zoom,Bounce back stronger:​ The resilience workshop,Gurleen Baruah,Sept,327,39
Managers,VC,Zoom,Bounce back stronger:​ The resilience workshop,Vishakha Makhija,Dec,720,76
Managers,VC,Zoom,Bounce back stronger:​ The resilience workshop,Vishakha Makhija,Jan,593,25
ADs and Managers,VC,Zoom,Bounce back stronger:​ The resilience workshop,Vishakha Makhija,Feb,849,14
Managers,VC,Zoom,Bounce back stronger:​ The resilience workshop,Gurleen Baruah,Mar,584,124
ADs and Managers,VC,Zoom,Bounce back stronger:​ The resilience workshop,Gurleen Baruah,May,731,191
ADs and Managers,VC,Zoom,Bounce back stronger:​ The resilience workshop,Gurleen Baruah,May,572,73
ADs and Managers,VC,Zoom,Style matters: Choosing the right leadership style for the situation,Vansh Chopra,July,1018,132
ADs and Managers,VC,Zoom,Style matters: Choosing the right leadership style for the situation,Vansh Chopra,Sept,903,61
ADs and Managers,VC,Zoom,Style matters: Choosing the right leadership style for the situation,Vansh Chopra,Feb,1002,56
ADs and Managers,VC,Zoom,Style matters: Choosing the right leadership style for the situation,Vansh Chopra,Apr,1040,313
ADs and Managers,VC,Zoom,Style matters: Choosing the right leadership style for the situation,Vansh Chopra,Jun,689,116
ADs and Managers,VC,Zoom,Style matters: Choosing the right leadership style for the situation,Vansh Chopra,June,588,115
ADs and Managers,VC,Zoom,The Art of giving feedback,Gurleen Baruah,Aug,989,120
ADs and Managers,VC,Zoom,The Art of giving feedback,Gurleen Baruah,Nov,1040,70
Managers,VC,Zoom,The Art of giving feedback,Vishakha Makhija,Dec,625,32
Managers,VC,Zoom,The Art of giving feedback,Shraiya Jain,Feb,597,23
ADs and Managers,VC,Zoom,The Art of giving feedback,Vishakha Makhija,Mar,847,21
ADs and Managers,VC,Zoom,The Art of giving feedback,Gurleen Baruah,Apr,867,56
ADs and Managers,VC,Zoom,The Art of giving feedback,Gurleen Baruah,May,842,280
ADs and Managers,VC,Zoom,The Art of giving feedback,Gurleen Baruah,June,572,84
ADs and Managers,VC,Zoom,"Negotiation pro - Building bridges, not barriers",Vansh Chopra,Aug,1035,124
ADs and Managers,VC,Zoom,"Negotiation pro - Building bridges, not barriers",Vansh Chopra,Oct,886,67
ADs and Managers,VC,Zoom,"Negotiation pro - Building bridges, not barriers",Vansh Chopra,Jan,1011,51
ADs and Managers,VC,Zoom,"Negotiation pro - Building bridges, not barriers",Vansh Chopra,Mar,891,33
ADs and Managers,VC,Zoom,"Negotiation pro - Building bridges, not barriers",Vansh Chopra,May,884,239
ADs and Managers,VC,Zoom,"Negotiation pro - Building bridges, not barriers",Vansh Chopra,July,697,153
ADs and Managers,VC,Zoom,FeelCraft: Emotional mastery,Gurleen Baruah,Oct,1040,114
ADs and Managers,VC,Zoom,FeelCraft: Emotional mastery,Gurleen Baruah,Nov,1011,49
Managers,VC,Zoom,FeelCraft: Emotional mastery,Shraiya Jain,Dec,647,29
Managers,VC,Zoom,FeelCraft: Emotional mastery,Shraiya Jain,Jan,621,17
Managers,VC,Zoom,FeelCraft: Emotional mastery,Shraiya Jain,Mar,609,32
ADs and Managers,VC,Zoom,FeelCraft: Emotional mastery,Gurleen Baruah,Apr,885,90
ADs and Managers,VC,Zoom,FeelCraft: Emotional mastery,Gurleen Baruah,Jun,857,211
ADs and Managers,VC,Zoom,FeelCraft: Emotional mastery,Gurleen Baruah,July,641,127
ADs and Managers,VC,Zoom,Fireside Chat,"Ankit Jhamb , Siddhartha Nigam",Oct,1025,117
ADs and Managers,VC,Zoom,Fireside Chat,"Vishakha Makhija, Vig Kannan",Feb,1187,60
ADs and Managers,VC,Zoom,Fireside Chat,"Shraiya Jain, Riaz Thingna",Aug,1163,85
ADs and Managers,VC,Zoom,Fireside Chat,"Ankit Jhamb, Prasad Unnikrishnan ",Nov,1184,122
ADs and Managers,VC,Zoom,Fireside Chat,Ajay Kumar,Apr,598,91
ADs and Managers,VC,Zoom,Fireside Chat,"Shraiya Jain, Jaspreet Singh",Sept,1162,115
ADs and Managers,VC,Zoom,Fireside Chat,"Vishakha Makhija, Neil Killawala",Dec,1185,115
ADs and Managers,VC,Zoom,Fireside Chat,"Vishakha Makhija, Priyanka Gulati",Jun,1163,75
ADs and Managers,VC,Zoom,Fireside Chat,"Vishakha Makhija, Saket Mehra",Sept,1191,107
ADs and Managers - Only GT Employees,VC,Zoom,Build Your Personal Brand on LinkedIn,Navjot Rajiyal,May,896,101
Tier 1 Open to all - Only GT Employees,VC,Zoom,Build Your Personal Brand on LinkedIn,Navjot Rajiyal,July,298,87
Tier 1 Open to all - Only GT Employees,VC,Zoom,Build Your Personal Brand on LinkedIn,Navjot Rajiyal,Nov,208,34
Tier 1 & 2,VC,Zoom,Build Your Personal Brand on LinkedIn,Navjot Rajiyal,Jan,1054,99
Tier 1 & 2,VC,Zoom,Build Your Personal Brand on LinkedIn,Navjot Rajiyal,May,906,22
Tier 1 Open to all - Only GT Employees,VC,Zoom,Build Your Personal Brand on LinkedIn,Navjot Rajiyal,June,216,20
Tier 1 & 2,VC,Zoom,Know Your Firm,Nida Zaidi,Aug,1396,235
Tier 1 & 2,VC,Zoom,Know Your Firm,Nida Zaidi,Oct,8560,225
Tier 1 & 2,VC,Zoom,Know Your Firm,Nida Zaidi,Mar,1009,68
Tier 2 & 3,VC,Zoom,Know Your Firm,Nida Zaidi,May,170,75
ADs and Managers,VC,Zoom,Know Your Firm,Nida Zaidi,Jun,767,148
Managers and Above,VC,Zoom,Know Your Firm,Nida Zaidi,Sept,972,180
ADs and Managers,In person,Bangalore,Practise Lab,Vansh Chopra,Sept,48,16
ADs and Managers,In person,Bangalore,Practise Lab,Vansh Chopra,May,46,14
ADs and Managers,In person,Bangalore,Practise Lab,Vansh Chopra,Sept,75,26
ADs and Managers,In person,Gurgaon,Practise Lab,Vansh Chopra,Sept,53,19
ADs and Managers,In person,Gurgaon,Practise Lab,Vansh Chopra,May,51,13
ADs and Managers,In person,Gurgaon,Practise Lab,Vansh Chopra,Sept,86,30
ADs and Managers,In person,Mumbai,Practise Lab,Vansh Chopra,Sept,52,19
ADs and Managers,In person,Mumbai,Practise Lab,Vansh Chopra,May,51,19
ADs and Managers,In person,Mumbai,Practise Lab,Vansh Chopra,May,70,18
"Directors, ADs and Managers",In person,Hyderabad,Practise Lab,Vansh Chopra,Jun,41,17
ADs and Managers,In person,Bangalore,Practise Lab,Vansh Chopra,Jun,57,15
ADs and Managers,In person,Mumbai,Practise Lab,Vansh Chopra,Jun,100,14
ADs and Managers,In person,Gurgaon,Practise Lab,Vansh Chopra,Oct,173,40
ADs and Managers,In person,Gurgaon,Practise Lab,Vansh Chopra,Oct,59,17
ADs and Managers,In person,Gurgaon,Practise Lab,Vansh Chopra,May,55,20
ADs and Managers,In person,Gurgaon,Practise Lab,Vansh Chopra,Oct,74,31
ADs and Managers,In person,Mumbai,Practise Lab,Vansh Chopra,Oct,54,20
ADs and Managers,In person,Mumbai,Practise Lab,Vansh Chopra,May,55,16
ADs and Managers,In person,Mumbai,Practise Lab,Vansh Chopra,Oct,58,12
ADs and Managers,In person,Bangalore,Practise Lab,Vansh Chopra,May,81,14
ADs and Managers,In person,Bangalore,Practise Lab,Vansh Chopra,May,88,24
"Directors, ADs and Managers",In person,Hyderabad,Practise Lab,Vansh Chopra,Jun,41,18
ADs and Managers,In person,Bangalore,Practise Lab,Vansh Chopra,Jun,72,15
ADs and Managers,In person,Mumbai,Practise Lab,Vansh Chopra,Jun,125,23
ADs and Managers,In person,Gurgaon,Practise Lab,Vansh Chopra,Nov,176,36
ADs and Managers,In person,Bangalore,Practise Lab,Vansh Chopra,Nov,51,20
ADs and Managers,In person,Mumbai,Practise Lab,Vansh Chopra,Nov,52,17
ADs and Managers,In person,Mumbai,Practise Lab,Vansh Chopra,Nov,53,21
ADs and Managers,In person,GT One,Practise Lab,Vansh Chopra,Nov,50,17
ADs and Managers,In person,GT One,Practise Lab,Vansh Chopra,April,55,22
Tier 1 & 2,In person,Pune,Practise Lab,Vivek Arora,Jan,23,16
ADs and Managers,In person,Mumbai,Practise Lab,Kavita Lobo,Jan,50,19
ADs and Managers,In person,Mumbai,Practise Lab,Kavita Lobo,Jan,55,30
ADs and Managers,In person,Bangalore,Practise Lab,Kavita Lobo,Jan,51,19
ADs and Managers,In person,Bangalore,Practise Lab,Kavita Lobo,Jan,53,8
ADs and Managers,In person,Gurgaon,Practise Lab,Kavita Lobo,Jan,54,19
ADs and Managers,In person,Gurgaon,Practise Lab,Kavita Lobo,Mar,55,13
ADs and Managers,In person,Mumbai,Practise Lab,Vansh Chopra,Mar,50,11
ADs and Managers,In person,Mumbai,Practise Lab,Vansh Chopra,Apr,46,12
ADs and Managers,In person,Mumbai,Practise Lab,Kavita Lobo,Mar,50,17
ADs and Managers,In person,Gurgaon,Practise Lab,Vansh Chopra,Mar,50,10
ADs and Managers,In person,Gurgaon,Practise Lab,Vansh Chopra,Apr,52,15
ADs and Managers,In person,Bangalore,Practise Lab,Vansh Chopra,Apr,49,11
ADs and Managers,In person,Bangalore,Practise Lab,Vansh Chopra,Sept,42,12
Directors and Above,VC,Zoom,Leading through turbulence – Leading in crises ,"Ankit Jhamb, Vivek Iyer",Dec,457,133
Directors and Above,VC,Zoom,From fixed to flourishing – The growth mindset journey,"Ankit Jhamb, Fatema Hunaid",Jan,465,109
Directors and Above,VC,Zoom,FeelCraft: Emotional mastery,Kavita Lobo,Aug,488,73
Tier 1 Open to all &YCSL,VC,Zoom,Fireside Chat,"Ankit Jhamb, Prashant Mehra",Dec,507,160
Directors and Above,VC,Zoom,Fireside Chat,"Ankit Jhamb, Richard Rekhy",Sept,455,103
Directors and Above,VC,Zoom,Fireside Chat,"Ankit Jhamb, Deepankar Sanwalka",Jan,458,147
Directors and Above,VC,Zoom,Fireside Chat,Gaganpreet Singh Puri,Oct,490,47
Directors and Above,VC,Zoom,Fireside Chat,"Kalpana B , Vishal  S P",May,458,36
Directors and Above,VC,Zoom,Fireside Chat,"Rohan Lakhiyar, Sheetal Sharma",Sept,506,19
Directors and Above,In person,Gurgaon,Practise Lab,Ankit Jhamb,Oct,25,4
Directors and Above,In person,Gurgaon,Practise Lab,Ankit Jhamb,Nov,50,7
Directors and Above,In person,Bangalore,Practise Lab,Ankit Jhamb,Jan,13,9
Directors and Above,In person,Mumbai,Practise Lab,Ankit Jhamb,Jan,10,10
